obj_id,ra,dec,petro_mag_r,color_u_r,redshift,galaxy_type
1237667,185.241,13.118,15.42,2.84,0.048,Elliptical
1237668,186.012,12.875,16.89,1.45,0.062,Spiral
1237669,187.45,14.021,17.15,1.28,0.075,Spiral
1237670,184.992,11.452,14.88,2.92,0.035,Elliptical
1237671,188.103,15.22,18.2,1.15,0.098,Irregular
1237672,185.789,13.904,16.35,2.65,0.054,Elliptical
1237673,189.34,12.115,17.48,1.55,0.082,Spiral
1237674,184.112,14.876,15.95,2.78,0.051,Elliptical
1237675,187.892,11.98,16.72,1.38,0.068,Spiral
1237676,186.654,15.441,17.9,1.62,0.091,Spiral
1237677,183.921,13.002,14.6,2.95,0.029,Elliptical
1237678,188.543,14.789,17.02,1.42,0.071,Spiral
