galaxy_id,petro_mag_r,color_u_r,redshift_z,vel_disp_kms,stellar_mass_logMsun,population
SDSS_J0486,15.75,1.474,0.0779,68.7,10.24,Blue Cloud
SDSS_J0095,16.38,2.525,0.0787,247.1,10.4,Red Sequence
SDSS_J0911,19.6,-0.1,0.46,570.0,12.2,Outlier
SDSS_J0850,17.39,2.168,0.0634,132.5,10.06,Green Valley
SDSS_J0131,15.25,2.688,0.0741,228.8,10.86,Red Sequence
SDSS_J0048,14.57,2.764,0.0666,231.7,10.72,Red Sequence
SDSS_J0502,16.08,1.456,0.0955,68.3,10.53,Blue Cloud
SDSS_J0547,17.4,1.439,0.0695,98.4,10.36,Blue Cloud
SDSS_J0602,17.22,1.608,0.0812,58.9,9.68,Blue Cloud
SDSS_J0790,16.93,1.561,0.0883,117.4,9.91,Blue Cloud
SDSS_J0439,15.89,2.541,0.0838,243.8,10.72,Red Sequence
SDSS_J0088,14.32,2.387,0.0717,280.2,10.6,Red Sequence
SDSS_J0910,12.2,4.3,0.002,28.0,8.3,Outlier
SDSS_J0597,16.73,1.603,0.0347,109.5,10.07,Blue Cloud
SDSS_J0619,17.76,1.405,0.0998,77.0,9.42,Blue Cloud
SDSS_J0293,14.37,2.881,0.082,237.3,10.62,Red Sequence
SDSS_J0480,17.35,1.145,0.0508,102.1,9.8,Blue Cloud
SDSS_J0175,15.07,2.606,0.0939,234.2,11.06,Red Sequence
SDSS_J0663,16.84,1.328,0.0835,67.6,9.94,Blue Cloud
SDSS_J0722,16.53,1.292,0.0381,92.9,10.22,Blue Cloud
SDSS_J0491,14.19,1.354,0.0372,130.1,9.39,Blue Cloud
SDSS_J0295,15.91,2.45,0.0355,158.0,10.47,Red Sequence
SDSS_J0887,17.79,2.162,0.0665,154.1,10.73,Green Valley
SDSS_J0303,15.59,2.49,0.0671,169.4,11.06,Red Sequence
SDSS_J0507,16.68,1.396,0.037,115.9,9.52,Blue Cloud
SDSS_J0695,15.77,1.361,0.0985,99.0,9.62,Blue Cloud
SDSS_J0778,17.23,1.178,0.0416,82.9,9.87,Blue Cloud
SDSS_J0749,17.69,1.574,0.0792,152.7,9.81,Blue Cloud
SDSS_J0037,14.65,2.886,0.0474,224.0,11.1,Red Sequence
SDSS_J0267,15.57,2.777,0.0499,209.6,10.47,Red Sequence
SDSS_J0554,16.54,1.274,0.0982,119.6,9.98,Blue Cloud
SDSS_J0527,18.28,1.309,0.0312,127.8,10.01,Blue Cloud
SDSS_J0284,14.56,2.664,0.0992,177.2,10.7,Red Sequence
SDSS_J0846,16.72,1.598,0.0603,99.7,10.03,Blue Cloud
SDSS_J0298,16.01,2.548,0.0999,195.0,11.63,Red Sequence
SDSS_J0593,19.13,1.361,0.0323,64.9,9.43,Blue Cloud
SDSS_J0187,16.47,2.585,0.0939,223.1,10.6,Red Sequence
SDSS_J0873,15.44,2.168,0.0576,180.4,10.72,Green Valley
SDSS_J0795,17.39,1.195,0.0856,116.8,9.7,Blue Cloud
SDSS_J0553,16.71,1.367,0.0945,134.2,9.65,Blue Cloud
SDSS_J0670,15.73,1.842,0.0551,132.9,10.69,Blue Cloud
SDSS_J0914,12.4,-0.22,0.41,590.0,12.1,Outlier
SDSS_J0697,16.03,1.721,0.0569,127.0,9.52,Blue Cloud
SDSS_J0413,15.43,2.796,0.0648,290.4,11.29,Red Sequence
SDSS_J0114,15.27,2.535,0.0814,237.1,10.75,Red Sequence
SDSS_J0844,17.14,1.741,0.0561,122.3,9.68,Blue Cloud
SDSS_J0229,15.25,2.455,0.0697,219.9,10.85,Red Sequence
SDSS_J0365,16.25,2.841,0.0423,314.9,10.3,Red Sequence
SDSS_J0870,17.49,2.1,0.0894,136.2,10.58,Green Valley
SDSS_J0124,15.5,2.711,0.0435,241.7,11.05,Red Sequence
SDSS_J0212,15.76,2.614,0.0357,200.0,10.73,Red Sequence
SDSS_J0810,16.01,1.659,0.0478,102.0,10.2,Blue Cloud
SDSS_J0120,16.6,2.704,0.0642,212.7,10.34,Red Sequence
SDSS_J0694,16.74,1.625,0.0793,91.3,9.36,Blue Cloud
SDSS_J0010,15.12,2.725,0.0487,256.6,10.63,Red Sequence
SDSS_J0199,16.25,2.644,0.061,275.5,10.62,Red Sequence
SDSS_J0338,16.74,2.525,0.0439,168.9,10.78,Red Sequence
SDSS_J0575,15.8,1.416,0.0939,85.2,9.89,Blue Cloud
SDSS_J0130,15.6,2.682,0.0959,145.6,10.88,Red Sequence
SDSS_J0283,14.48,2.78,0.036,222.9,10.78,Red Sequence
SDSS_J0879,16.64,2.147,0.0801,151.9,10.08,Green Valley
SDSS_J0388,14.35,2.807,0.0836,260.0,10.74,Red Sequence
SDSS_J0827,15.38,1.36,0.083,136.9,9.81,Blue Cloud
SDSS_J0759,16.69,1.262,0.0965,80.0,9.75,Blue Cloud
SDSS_J0036,15.34,2.478,0.0989,238.9,10.98,Red Sequence
SDSS_J0314,16.63,2.575,0.0615,196.3,10.55,Red Sequence
SDSS_J0806,17.09,1.187,0.0382,146.4,9.92,Blue Cloud
SDSS_J0367,15.58,2.635,0.0698,288.0,11.33,Red Sequence
SDSS_J0522,16.16,1.108,0.0761,100.4,10.3,Blue Cloud
SDSS_J0434,16.33,2.525,0.0323,237.4,10.69,Red Sequence
SDSS_J0317,15.86,2.727,0.0797,162.8,11.39,Red Sequence
SDSS_J0555,17.91,1.692,0.0352,85.7,9.75,Blue Cloud
SDSS_J0321,16.07,2.498,0.0878,220.5,10.82,Red Sequence
SDSS_J0461,19.26,1.65,0.0635,85.9,10.14,Blue Cloud
SDSS_J0720,16.39,1.363,0.0737,104.2,10.21,Blue Cloud
SDSS_J0416,14.77,2.62,0.0407,193.5,11.06,Red Sequence
SDSS_J0223,15.93,2.538,0.0834,153.3,10.56,Red Sequence
SDSS_J0107,15.55,2.576,0.0725,209.8,10.65,Red Sequence
SDSS_J0454,15.86,1.916,0.0441,84.6,10.73,Blue Cloud
SDSS_J0005,15.32,2.702,0.0368,237.4,10.47,Red Sequence
SDSS_J0288,16.13,2.811,0.0625,193.4,10.4,Red Sequence
SDSS_J0379,14.64,2.643,0.0676,197.4,10.62,Red Sequence
SDSS_J0432,16.31,2.701,0.033,226.9,11.39,Red Sequence
SDSS_J0675,16.04,1.571,0.0683,95.8,9.93,Blue Cloud
SDSS_J0588,17.64,1.353,0.0371,105.7,10.08,Blue Cloud
SDSS_J0601,17.23,1.299,0.0523,119.4,9.86,Blue Cloud
SDSS_J0573,17.19,1.54,0.0919,75.2,9.82,Blue Cloud
SDSS_J0318,16.72,2.459,0.0475,180.7,10.52,Red Sequence
SDSS_J0860,16.06,1.954,0.0958,151.3,10.18,Green Valley
SDSS_J0470,16.21,1.505,0.0638,83.5,9.96,Blue Cloud
SDSS_J0424,16.51,2.616,0.0308,182.4,10.76,Red Sequence
SDSS_J0421,16.62,2.545,0.0835,152.6,11.1,Red Sequence
SDSS_J0847,17.3,1.406,0.0864,123.1,10.27,Blue Cloud
SDSS_J0832,15.97,1.502,0.0926,102.8,10.74,Blue Cloud
SDSS_J0168,14.85,2.833,0.0755,250.9,10.33,Red Sequence
SDSS_J0116,15.32,2.89,0.0882,271.8,11.12,Red Sequence
SDSS_J0093,15.87,2.702,0.0786,206.6,10.69,Red Sequence
SDSS_J0622,17.09,1.169,0.0666,87.4,10.08,Blue Cloud
SDSS_J0335,14.66,2.775,0.0436,197.1,10.76,Red Sequence
SDSS_J0626,16.72,1.562,0.0726,107.6,9.81,Blue Cloud
SDSS_J0506,16.18,1.692,0.0696,87.2,9.93,Blue Cloud
SDSS_J0533,17.16,1.469,0.0604,77.2,10.04,Blue Cloud
SDSS_J0724,16.41,1.84,0.0866,104.4,9.89,Blue Cloud
SDSS_J0102,15.67,2.747,0.0833,167.6,11.14,Red Sequence
SDSS_J0405,16.38,2.536,0.0977,192.4,10.74,Red Sequence
SDSS_J0903,20.2,-0.15,0.002,30.0,8.1,Outlier
SDSS_J0056,15.39,2.575,0.0744,206.4,11.15,Red Sequence
SDSS_J0758,17.29,1.408,0.0774,148.2,9.58,Blue Cloud
SDSS_J0446,16.24,2.639,0.0365,184.7,10.65,Red Sequence
SDSS_J0373,15.95,2.714,0.0474,208.3,11.02,Red Sequence
SDSS_J0730,15.08,1.827,0.0983,97.8,10.31,Blue Cloud
SDSS_J0100,15.37,2.636,0.0576,202.5,10.77,Red Sequence
SDSS_J0273,15.25,2.918,0.0403,131.8,11.08,Red Sequence
SDSS_J0757,16.32,1.442,0.0574,119.2,9.48,Blue Cloud
SDSS_J0568,18.15,1.724,0.0881,106.4,9.99,Blue Cloud
SDSS_J0843,16.88,1.673,0.0729,90.4,10.21,Blue Cloud
SDSS_J0800,17.56,1.582,0.0391,72.7,9.5,Blue Cloud
SDSS_J0545,17.5,1.755,0.0987,119.1,9.86,Blue Cloud
SDSS_J0139,14.67,2.558,0.0954,170.9,10.97,Red Sequence
SDSS_J0430,14.76,2.784,0.0339,231.4,10.81,Red Sequence
SDSS_J0362,13.94,2.867,0.0915,186.9,10.83,Red Sequence
SDSS_J0878,16.25,2.118,0.0335,136.2,10.26,Green Valley
SDSS_J0386,15.47,2.494,0.0332,202.9,10.89,Red Sequence
SDSS_J0112,14.81,2.728,0.0654,173.1,11.29,Red Sequence
SDSS_J0687,15.64,1.591,0.0915,148.3,10.25,Blue Cloud
SDSS_J0192,15.0,2.53,0.0876,225.6,10.75,Red Sequence
SDSS_J0052,16.71,2.434,0.0559,246.3,11.28,Red Sequence
SDSS_J0357,15.2,2.847,0.0542,184.8,10.88,Red Sequence
SDSS_J0686,18.49,1.51,0.0764,121.3,10.19,Blue Cloud
SDSS_J0721,15.61,0.987,0.0755,138.6,9.79,Blue Cloud
SDSS_J0179,14.81,2.769,0.0466,168.8,10.63,Red Sequence
SDSS_J0624,16.42,1.426,0.05,87.6,9.83,Blue Cloud
SDSS_J0392,15.51,2.659,0.0316,194.3,11.23,Red Sequence
SDSS_J0825,17.47,1.503,0.0963,130.5,9.07,Blue Cloud
SDSS_J0689,17.75,1.132,0.0754,113.6,9.74,Blue Cloud
SDSS_J0665,16.61,1.493,0.044,107.1,9.94,Blue Cloud
SDSS_J0465,16.4,1.281,0.0827,135.9,9.82,Blue Cloud
SDSS_J0167,14.51,2.783,0.0408,119.4,10.95,Red Sequence
SDSS_J0071,16.39,2.891,0.0486,239.0,11.0,Red Sequence
SDSS_J0709,17.05,1.537,0.0802,107.9,9.74,Blue Cloud
SDSS_J0774,16.0,1.374,0.0713,136.3,9.65,Blue Cloud
SDSS_J0300,14.65,2.416,0.04,162.4,10.47,Red Sequence
SDSS_J0164,15.8,2.528,0.0765,252.3,10.04,Red Sequence
SDSS_J0333,16.36,2.498,0.0629,144.0,10.67,Red Sequence
SDSS_J0004,15.93,2.458,0.0538,259.2,11.42,Red Sequence
SDSS_J0789,17.0,1.806,0.0804,81.7,9.95,Blue Cloud
SDSS_J0565,18.49,1.428,0.0988,141.7,10.38,Blue Cloud
SDSS_J0715,17.32,1.67,0.0811,127.1,10.15,Blue Cloud
SDSS_J0677,16.65,1.725,0.0396,115.7,9.76,Blue Cloud
SDSS_J0245,14.16,2.711,0.0832,134.6,11.01,Red Sequence
SDSS_J0215,16.2,2.483,0.0838,205.6,10.59,Red Sequence
SDSS_J0443,16.21,2.778,0.0744,208.0,10.54,Red Sequence
SDSS_J0886,15.16,2.126,0.0518,136.3,10.68,Green Valley
SDSS_J0807,16.5,1.298,0.0554,130.4,10.32,Blue Cloud
SDSS_J0172,16.1,2.533,0.0786,218.8,10.75,Red Sequence
SDSS_J0137,14.48,2.74,0.0504,216.4,11.27,Red Sequence
SDSS_J0117,15.53,2.783,0.0727,203.9,10.85,Red Sequence
SDSS_J0039,16.15,2.508,0.0335,276.6,10.8,Red Sequence
SDSS_J0235,15.49,2.576,0.0566,198.2,10.46,Red Sequence
SDSS_J0766,17.71,1.633,0.037,70.8,9.39,Blue Cloud
SDSS_J0009,15.54,2.703,0.0495,188.1,10.58,Red Sequence
SDSS_J0400,16.23,2.759,0.0455,206.1,10.9,Red Sequence
SDSS_J0122,15.26,2.564,0.0707,167.5,10.86,Red Sequence
SDSS_J0086,16.16,2.702,0.0423,250.8,10.71,Red Sequence
SDSS_J0779,17.74,1.862,0.0762,150.0,9.79,Blue Cloud
SDSS_J0617,16.25,1.217,0.0384,110.7,9.68,Blue Cloud
SDSS_J0276,16.89,2.498,0.0755,214.9,10.64,Red Sequence
SDSS_J0435,16.53,2.571,0.0827,201.8,10.51,Red Sequence
SDSS_J0645,17.66,1.568,0.0764,123.4,9.62,Blue Cloud
SDSS_J0270,14.78,2.778,0.0976,235.7,10.31,Red Sequence
SDSS_J0744,15.94,1.877,0.0961,86.5,10.19,Blue Cloud
SDSS_J0325,16.3,2.665,0.0639,223.6,11.19,Red Sequence
SDSS_J0448,17.33,2.391,0.07,226.6,11.06,Red Sequence
SDSS_J0029,15.74,2.786,0.0811,219.1,11.05,Red Sequence
SDSS_J0308,15.9,2.547,0.0543,250.2,10.95,Red Sequence
SDSS_J0732,17.75,1.036,0.0793,84.8,9.43,Blue Cloud
SDSS_J0481,17.1,1.516,0.0514,125.7,10.39,Blue Cloud
SDSS_J0710,16.36,1.381,0.0951,88.4,10.14,Blue Cloud
SDSS_J0769,16.82,1.591,0.0818,65.9,10.16,Blue Cloud
SDSS_J0078,16.41,2.518,0.0511,209.0,10.8,Red Sequence
SDSS_J0017,16.03,3.037,0.0657,219.1,10.85,Red Sequence
SDSS_J0065,15.44,2.545,0.0952,232.5,10.23,Red Sequence
SDSS_J0410,17.37,2.602,0.0973,312.1,11.59,Red Sequence
SDSS_J0684,16.4,1.482,0.0422,130.1,9.97,Blue Cloud
SDSS_J0680,16.73,1.507,0.0647,125.3,10.69,Blue Cloud
SDSS_J0818,17.19,1.717,0.0863,108.5,9.99,Blue Cloud
SDSS_J0301,15.79,2.648,0.0845,187.0,11.02,Red Sequence
SDSS_J0483,15.89,1.246,0.0752,141.8,9.9,Blue Cloud
SDSS_J0495,17.19,1.543,0.0445,131.6,10.02,Blue Cloud
SDSS_J0143,15.7,2.659,0.0602,198.3,11.0,Red Sequence
SDSS_J0755,17.18,1.397,0.0851,106.6,10.04,Blue Cloud
SDSS_J0731,17.48,1.442,0.0734,119.8,9.21,Blue Cloud
SDSS_J0696,15.42,1.446,0.0367,100.0,9.68,Blue Cloud
SDSS_J0611,17.45,1.304,0.0612,107.7,10.29,Blue Cloud
SDSS_J0287,15.43,2.545,0.0331,148.5,10.64,Red Sequence
SDSS_J0259,13.94,2.553,0.0517,165.7,11.17,Red Sequence
SDSS_J0678,16.71,1.355,0.038,123.1,10.04,Blue Cloud
SDSS_J0727,16.81,1.398,0.087,150.2,10.32,Blue Cloud
SDSS_J0473,16.82,1.573,0.0412,51.3,9.58,Blue Cloud
SDSS_J0723,15.59,1.359,0.0592,109.4,9.23,Blue Cloud
SDSS_J0119,16.41,2.486,0.0493,295.0,10.85,Red Sequence
SDSS_J0306,15.1,2.927,0.0644,259.2,11.21,Red Sequence
SDSS_J0537,17.97,1.19,0.0321,117.0,9.64,Blue Cloud
SDSS_J0841,16.48,1.249,0.0782,127.2,9.92,Blue Cloud
SDSS_J0049,15.38,2.568,0.0577,196.0,10.58,Red Sequence
SDSS_J0771,16.41,1.7,0.0423,72.4,9.48,Blue Cloud
SDSS_J0181,14.39,2.621,0.0821,255.5,10.92,Red Sequence
SDSS_J0836,15.64,1.262,0.0679,137.7,10.01,Blue Cloud
SDSS_J0297,14.83,2.601,0.0783,203.9,10.87,Red Sequence
SDSS_J0340,14.74,2.591,0.053,194.2,10.68,Red Sequence
SDSS_J0875,16.34,1.881,0.0865,145.2,10.07,Green Valley
SDSS_J0418,16.41,2.332,0.0749,188.8,10.81,Red Sequence
SDSS_J0632,16.91,1.046,0.0875,95.4,9.88,Blue Cloud
SDSS_J0728,16.68,1.054,0.082,92.9,9.8,Blue Cloud
SDSS_J0618,19.2,1.326,0.0866,128.4,10.16,Blue Cloud
SDSS_J0655,16.85,1.322,0.0776,104.5,10.03,Blue Cloud
SDSS_J0127,15.57,2.722,0.031,182.6,10.75,Red Sequence
SDSS_J0591,17.0,1.707,0.0423,96.7,10.4,Blue Cloud
SDSS_J0515,15.72,1.7,0.0372,90.0,10.57,Blue Cloud
SDSS_J0258,15.97,2.718,0.0977,198.9,10.52,Red Sequence
SDSS_J0269,14.19,2.917,0.0989,182.3,10.86,Red Sequence
SDSS_J0615,17.48,1.261,0.0917,100.0,9.92,Blue Cloud
SDSS_J0862,16.89,2.117,0.0835,175.3,10.42,Green Valley
SDSS_J0247,15.68,2.679,0.061,200.9,11.03,Red Sequence
SDSS_J0066,15.73,2.553,0.0851,265.2,11.18,Red Sequence
SDSS_J0802,17.86,1.484,0.0461,124.2,9.32,Blue Cloud
SDSS_J0217,16.2,2.693,0.0766,195.8,10.92,Red Sequence
SDSS_J0603,17.81,1.568,0.073,103.8,9.91,Blue Cloud
SDSS_J0874,15.67,2.162,0.0484,135.4,10.4,Green Valley
SDSS_J0641,17.09,1.106,0.0306,140.7,9.63,Blue Cloud
SDSS_J0180,16.17,2.619,0.0985,194.7,10.6,Red Sequence
SDSS_J0359,16.22,2.747,0.0711,212.5,11.25,Red Sequence
SDSS_J0154,15.04,2.612,0.0411,167.9,10.68,Red Sequence
SDSS_J0176,15.48,2.743,0.0307,235.3,10.19,Red Sequence
SDSS_J0336,14.14,2.699,0.0496,262.7,10.77,Red Sequence
SDSS_J0700,17.08,1.43,0.0456,94.2,9.62,Blue Cloud
SDSS_J0484,16.31,1.472,0.052,102.1,9.94,Blue Cloud
SDSS_J0698,17.1,1.436,0.075,136.8,10.47,Blue Cloud
SDSS_J0511,17.25,1.368,0.0577,96.8,10.41,Blue Cloud
SDSS_J0186,15.13,2.856,0.0423,239.4,11.08,Red Sequence
SDSS_J0839,16.53,1.427,0.0859,79.1,9.96,Blue Cloud
SDSS_J0371,14.27,2.616,0.0423,256.2,10.3,Red Sequence
SDSS_J0891,15.65,2.045,0.0363,162.2,10.41,Green Valley
SDSS_J0525,14.36,1.426,0.0991,122.2,9.82,Blue Cloud
SDSS_J0526,17.55,1.229,0.0556,92.7,9.36,Blue Cloud
SDSS_J0833,15.99,1.074,0.0649,122.7,10.44,Blue Cloud
SDSS_J0053,15.18,2.505,0.0991,207.5,10.77,Red Sequence
SDSS_J0249,15.66,2.602,0.0905,239.7,10.47,Red Sequence
SDSS_J0105,15.55,2.355,0.044,230.0,10.82,Red Sequence
SDSS_J0567,16.87,1.409,0.0345,132.1,9.68,Blue Cloud
SDSS_J0666,16.05,1.813,0.0433,94.4,9.46,Blue Cloud
SDSS_J0816,14.86,1.892,0.073,70.9,9.83,Blue Cloud
SDSS_J0220,15.3,2.712,0.0548,180.4,10.37,Red Sequence
SDSS_J0717,18.12,1.239,0.0492,174.6,9.69,Blue Cloud
SDSS_J0031,15.62,2.753,0.0712,213.1,11.01,Red Sequence
SDSS_J0455,17.53,1.396,0.0786,77.3,9.93,Blue Cloud
SDSS_J0543,16.74,1.244,0.0525,75.5,10.18,Blue Cloud
SDSS_J0488,16.63,1.7,0.0418,70.3,10.05,Blue Cloud
SDSS_J0701,16.89,1.668,0.0861,63.3,10.12,Blue Cloud
SDSS_J0417,15.97,2.509,0.0758,199.3,10.59,Red Sequence
SDSS_J0895,16.58,2.243,0.0551,197.5,10.78,Green Valley
SDSS_J0327,16.02,2.714,0.0693,193.5,11.11,Red Sequence
SDSS_J0188,15.91,2.511,0.0865,209.3,10.53,Red Sequence
SDSS_J0667,16.81,1.757,0.0541,127.0,10.15,Blue Cloud
SDSS_J0685,17.05,1.278,0.0817,144.8,10.23,Blue Cloud
SDSS_J0047,16.73,2.773,0.0472,169.7,10.57,Red Sequence
SDSS_J0401,17.06,2.509,0.0938,184.0,10.57,Red Sequence
SDSS_J0908,13.0,4.1,0.003,35.0,8.4,Outlier
SDSS_J0570,18.14,1.466,0.0421,113.5,10.12,Blue Cloud
SDSS_J0808,16.76,1.844,0.0596,96.7,10.11,Blue Cloud
SDSS_J0145,16.69,2.602,0.0489,266.9,10.93,Red Sequence
SDSS_J0082,16.06,2.446,0.0771,213.7,11.0,Red Sequence
SDSS_J0760,16.86,1.462,0.0718,51.1,9.7,Blue Cloud
SDSS_J0851,15.86,2.182,0.0692,176.1,10.2,Green Valley
SDSS_J0415,14.98,2.638,0.0402,204.5,11.5,Red Sequence
SDSS_J0644,16.79,1.675,0.0774,121.3,9.59,Blue Cloud
SDSS_J0587,17.07,1.059,0.0902,133.4,9.82,Blue Cloud
SDSS_J0169,16.0,2.539,0.0522,198.5,10.3,Red Sequence
SDSS_J0152,15.55,2.48,0.0832,222.7,11.16,Red Sequence
SDSS_J0438,15.35,2.516,0.0982,245.4,10.91,Red Sequence
SDSS_J0320,15.93,2.608,0.0761,201.2,10.4,Red Sequence
SDSS_J0548,15.63,1.545,0.0645,112.3,9.67,Blue Cloud
SDSS_J0178,14.96,2.575,0.0475,223.2,10.63,Red Sequence
SDSS_J0028,14.5,2.713,0.0486,235.5,10.57,Red Sequence
SDSS_J0075,16.57,2.683,0.0531,183.4,11.34,Red Sequence
SDSS_J0447,15.0,2.736,0.0571,274.9,11.13,Red Sequence
SDSS_J0383,15.9,2.688,0.0708,245.2,10.99,Red Sequence
SDSS_J0796,16.42,1.329,0.0807,94.9,10.22,Blue Cloud
SDSS_J0428,14.64,2.771,0.0993,218.0,11.25,Red Sequence
SDSS_J0142,15.03,2.496,0.096,169.2,10.8,Red Sequence
SDSS_J0280,15.42,2.689,0.0594,220.5,10.48,Red Sequence
SDSS_J0393,14.55,2.647,0.0876,210.5,11.08,Red Sequence
SDSS_J0003,14.96,2.648,0.0712,211.5,10.77,Red Sequence
SDSS_J0521,17.79,1.549,0.072,76.1,9.52,Blue Cloud
SDSS_J0489,16.91,1.195,0.0379,142.5,10.3,Blue Cloud
SDSS_J0797,16.25,1.389,0.057,123.0,10.05,Blue Cloud
SDSS_J0347,17.41,2.631,0.0377,240.2,10.83,Red Sequence
SDSS_J0243,16.12,2.425,0.0465,224.1,10.96,Red Sequence
SDSS_J0111,15.17,2.627,0.0989,216.6,10.53,Red Sequence
SDSS_J0121,14.93,2.562,0.0855,230.7,10.92,Red Sequence
SDSS_J0643,18.06,1.353,0.0597,93.5,10.13,Blue Cloud
SDSS_J0002,15.69,2.782,0.0319,226.0,11.21,Red Sequence
SDSS_J0278,15.42,2.657,0.0355,207.5,11.37,Red Sequence
SDSS_J0729,17.14,1.09,0.0501,80.8,9.21,Blue Cloud
SDSS_J0815,16.5,1.488,0.0455,116.1,9.95,Blue Cloud
SDSS_J0888,16.66,2.298,0.0905,158.0,10.44,Green Valley
SDSS_J0752,16.22,1.402,0.0481,83.1,10.22,Blue Cloud
SDSS_J0129,13.88,2.729,0.0702,173.0,10.86,Red Sequence
SDSS_J0001,14.75,2.453,0.0361,202.4,10.83,Red Sequence
SDSS_J0348,16.21,2.771,0.0587,222.3,10.13,Red Sequence
SDSS_J0579,17.06,1.408,0.0997,119.2,10.57,Blue Cloud
SDSS_J0504,15.52,1.565,0.0551,138.5,10.07,Blue Cloud
SDSS_J0361,16.61,2.727,0.0304,133.5,10.59,Red Sequence
SDSS_J0147,14.88,2.57,0.0364,191.8,11.02,Red Sequence
SDSS_J0228,15.49,2.567,0.0594,191.8,11.04,Red Sequence
SDSS_J0739,16.91,1.572,0.0348,84.1,9.89,Blue Cloud
SDSS_J0892,15.01,1.943,0.0998,147.6,10.23,Green Valley
SDSS_J0600,17.66,1.205,0.0781,115.1,10.02,Blue Cloud
SDSS_J0026,15.4,2.693,0.0915,224.0,10.76,Red Sequence
SDSS_J0462,18.01,1.267,0.0681,116.0,9.58,Blue Cloud
SDSS_J0650,16.56,1.17,0.0998,108.5,10.26,Blue Cloud
SDSS_J0704,16.24,1.351,0.0656,120.0,10.4,Blue Cloud
SDSS_J0076,15.37,2.556,0.0516,180.2,10.97,Red Sequence
SDSS_J0890,16.22,2.087,0.0329,162.1,9.97,Green Valley
SDSS_J0171,16.83,2.594,0.0604,250.4,11.05,Red Sequence
SDSS_J0786,15.71,1.804,0.0641,76.2,9.95,Blue Cloud
SDSS_J0557,16.35,1.153,0.0523,108.6,10.04,Blue Cloud
SDSS_J0792,17.45,1.484,0.0426,142.7,9.78,Blue Cloud
SDSS_J0281,16.83,2.764,0.0718,251.9,10.84,Red Sequence
SDSS_J0193,15.52,2.676,0.0919,138.0,10.55,Red Sequence
SDSS_J0848,18.55,1.387,0.0662,101.9,9.3,Blue Cloud
SDSS_J0498,18.34,1.322,0.0943,160.2,9.87,Blue Cloud
SDSS_J0586,17.24,1.29,0.0315,62.3,9.5,Blue Cloud
SDSS_J0872,15.67,2.135,0.0462,184.0,10.31,Green Valley
SDSS_J0532,16.66,1.387,0.0789,103.9,9.23,Blue Cloud
SDSS_J0043,16.52,2.605,0.0803,226.5,11.01,Red Sequence
SDSS_J0185,15.19,2.783,0.0706,208.3,10.67,Red Sequence
SDSS_J0324,14.06,2.731,0.0779,206.0,10.91,Red Sequence
SDSS_J0370,14.9,2.698,0.043,204.8,10.27,Red Sequence
SDSS_J0058,16.87,2.6,0.0746,205.7,11.29,Red Sequence
SDSS_J0346,14.73,2.56,0.0889,241.7,11.16,Red Sequence
SDSS_J0540,17.74,1.579,0.0806,114.0,10.31,Blue Cloud
SDSS_J0441,14.33,2.922,0.0602,188.0,10.4,Red Sequence
SDSS_J0449,15.94,2.71,0.0645,244.5,10.92,Red Sequence
SDSS_J0354,15.83,2.818,0.0522,162.6,11.37,Red Sequence
SDSS_J0128,16.5,2.585,0.0788,259.4,11.23,Red Sequence
SDSS_J0592,17.81,1.652,0.0964,133.6,9.79,Blue Cloud
SDSS_J0350,14.96,2.829,0.0668,201.6,10.97,Red Sequence
SDSS_J0901,12.5,-0.2,0.45,550.0,12.5,Outlier
SDSS_J0302,14.51,2.623,0.0775,242.0,10.71,Red Sequence
SDSS_J0528,17.11,1.458,0.0853,74.8,9.88,Blue Cloud
SDSS_J0636,15.52,1.479,0.0387,133.7,9.96,Blue Cloud
SDSS_J0012,16.64,2.593,0.069,183.1,10.27,Red Sequence
SDSS_J0595,16.78,1.303,0.0988,135.7,10.53,Blue Cloud
SDSS_J0165,15.28,2.66,0.0652,150.4,10.47,Red Sequence
SDSS_J0785,17.36,1.226,0.0563,135.2,9.67,Blue Cloud
SDSS_J0658,14.93,1.265,0.035,132.6,9.64,Blue Cloud
SDSS_J0069,16.87,2.359,0.0495,187.7,10.56,Red Sequence
SDSS_J0279,14.27,2.641,0.0669,232.1,10.96,Red Sequence
SDSS_J0835,17.04,1.522,0.0944,93.4,9.44,Blue Cloud
SDSS_J0809,16.16,1.165,0.0589,116.0,9.51,Blue Cloud
SDSS_J0882,16.43,2.09,0.0843,185.5,10.45,Green Valley
SDSS_J0705,17.61,1.367,0.0338,114.7,10.28,Blue Cloud
SDSS_J0256,15.83,2.658,0.0775,198.0,11.27,Red Sequence
SDSS_J0046,15.95,2.669,0.0717,198.4,10.6,Red Sequence
SDSS_J0817,15.02,1.226,0.0874,92.9,9.61,Blue Cloud
SDSS_J0889,15.78,2.034,0.0417,152.5,10.45,Green Valley
SDSS_J0237,17.29,2.61,0.0903,169.4,10.62,Red Sequence
SDSS_J0830,17.84,1.352,0.0307,119.3,9.67,Blue Cloud
SDSS_J0637,16.33,1.394,0.0909,90.2,9.73,Blue Cloud
SDSS_J0353,14.97,2.641,0.0981,201.5,11.04,Red Sequence
SDSS_J0027,15.2,2.666,0.0832,211.8,10.64,Red Sequence
SDSS_J0407,16.57,2.713,0.0433,203.9,11.25,Red Sequence
SDSS_J0150,14.56,2.973,0.0583,106.2,10.72,Red Sequence
SDSS_J0598,17.69,1.425,0.0813,161.0,9.76,Blue Cloud
SDSS_J0085,15.54,2.824,0.0304,210.4,10.29,Red Sequence
SDSS_J0823,15.46,1.91,0.0494,97.1,9.76,Blue Cloud
SDSS_J0146,14.36,2.728,0.0941,229.4,11.16,Red Sequence
SDSS_J0490,17.18,1.267,0.0876,148.5,10.04,Blue Cloud
SDSS_J0560,16.55,1.604,0.0384,130.9,10.35,Blue Cloud
SDSS_J0225,17.32,2.623,0.0881,207.6,10.99,Red Sequence
SDSS_J0621,16.16,1.576,0.0493,60.9,10.08,Blue Cloud
SDSS_J0713,17.27,1.407,0.0649,102.3,9.88,Blue Cloud
SDSS_J0025,15.43,2.674,0.095,257.8,10.41,Red Sequence
SDSS_J0748,18.03,1.532,0.0842,127.4,9.62,Blue Cloud
SDSS_J0594,17.42,1.403,0.0696,122.7,9.83,Blue Cloud
SDSS_J0445,15.85,2.693,0.0614,176.3,10.7,Red Sequence
SDSS_J0508,18.06,1.69,0.0609,173.0,9.9,Blue Cloud
SDSS_J0020,16.77,2.613,0.0777,183.2,10.75,Red Sequence
SDSS_J0412,14.19,2.636,0.0566,177.7,10.74,Red Sequence
SDSS_J0651,16.62,1.49,0.0796,95.4,9.8,Blue Cloud
SDSS_J0275,14.91,2.672,0.0996,204.1,10.85,Red Sequence
SDSS_J0265,16.03,2.714,0.0414,239.4,10.35,Red Sequence
SDSS_J0125,15.54,2.572,0.0451,154.1,10.85,Red Sequence
SDSS_J0414,14.0,2.754,0.094,185.1,11.03,Red Sequence
SDSS_J0233,16.27,2.653,0.072,239.6,10.81,Red Sequence
SDSS_J0231,14.64,2.696,0.0491,210.5,10.65,Red Sequence
SDSS_J0612,16.91,1.603,0.0343,110.5,9.38,Blue Cloud
SDSS_J0266,15.67,2.576,0.0606,165.5,11.04,Red Sequence
SDSS_J0652,16.71,1.312,0.0674,121.8,9.16,Blue Cloud
SDSS_J0787,16.31,1.463,0.0416,141.8,10.13,Blue Cloud
SDSS_J0629,15.41,1.508,0.0369,119.1,9.76,Blue Cloud
SDSS_J0660,17.19,1.54,0.0586,60.7,9.58,Blue Cloud
SDSS_J0274,15.65,2.773,0.0545,221.4,10.82,Red Sequence
SDSS_J0304,15.5,2.709,0.0815,175.4,10.8,Red Sequence
SDSS_J0292,14.63,2.848,0.0906,201.1,10.93,Red Sequence
SDSS_J0431,14.65,2.684,0.0849,146.7,10.56,Red Sequence
SDSS_J0467,15.93,1.377,0.0574,114.7,9.44,Blue Cloud
SDSS_J0201,15.08,2.713,0.0386,232.3,10.53,Red Sequence
SDSS_J0549,18.03,1.215,0.0472,135.7,9.91,Blue Cloud
SDSS_J0505,16.99,1.652,0.0448,104.5,10.55,Blue Cloud
SDSS_J0819,15.92,1.335,0.0462,113.3,9.98,Blue Cloud
SDSS_J0376,14.72,2.761,0.0927,201.3,10.55,Red Sequence
SDSS_J0829,14.87,1.03,0.0774,112.7,10.2,Blue Cloud
SDSS_J0021,15.25,2.615,0.0604,126.8,11.01,Red Sequence
SDSS_J0772,17.11,1.355,0.0677,105.7,10.63,Blue Cloud
SDSS_J0517,17.49,1.622,0.0306,94.2,9.6,Blue Cloud
SDSS_J0218,15.76,2.619,0.0882,223.1,10.87,Red Sequence
SDSS_J0126,16.47,2.59,0.0498,228.6,10.92,Red Sequence
SDSS_J0234,15.6,2.709,0.0479,207.9,10.83,Red Sequence
SDSS_J0166,16.11,2.534,0.0668,156.0,10.93,Red Sequence
SDSS_J0763,17.0,1.563,0.086,139.2,9.35,Blue Cloud
SDSS_J0250,14.61,2.68,0.0688,229.3,10.18,Red Sequence
SDSS_J0736,16.77,1.63,0.0797,118.1,10.07,Blue Cloud
SDSS_J0224,16.72,2.332,0.0873,172.0,10.52,Red Sequence
SDSS_J0562,17.37,1.515,0.0549,72.5,9.86,Blue Cloud
SDSS_J0033,16.03,2.667,0.0768,214.2,10.96,Red Sequence
SDSS_J0104,16.24,2.62,0.0755,219.9,10.37,Red Sequence
SDSS_J0387,17.37,2.565,0.0348,218.1,10.77,Red Sequence
SDSS_J0824,17.86,1.306,0.0483,100.1,9.99,Blue Cloud
SDSS_J0343,14.47,2.393,0.0709,226.3,10.34,Red Sequence
SDSS_J0780,15.96,1.495,0.0453,101.0,9.91,Blue Cloud
SDSS_J0606,16.73,1.614,0.0466,141.0,10.04,Blue Cloud
SDSS_J0493,14.13,1.769,0.0843,113.7,10.54,Blue Cloud
SDSS_J0683,17.36,1.525,0.0462,130.9,9.88,Blue Cloud
SDSS_J0007,14.08,2.634,0.0733,239.7,10.5,Red Sequence
SDSS_J0893,15.53,1.977,0.0854,170.4,10.46,Green Valley
SDSS_J0209,15.12,2.66,0.0653,219.8,10.77,Red Sequence
SDSS_J0756,16.89,1.234,0.0577,94.9,9.56,Blue Cloud
SDSS_J0613,17.51,1.523,0.0679,142.8,9.81,Blue Cloud
SDSS_J0884,16.26,2.025,0.084,109.0,10.47,Green Valley
SDSS_J0083,16.09,2.64,0.0633,218.0,10.71,Red Sequence
SDSS_J0070,16.48,2.593,0.0957,279.5,11.33,Red Sequence
SDSS_J0242,16.22,2.715,0.0934,177.0,11.19,Red Sequence
SDSS_J0251,14.11,2.774,0.0756,192.7,11.11,Red Sequence
SDSS_J0198,15.19,2.69,0.0643,137.8,11.2,Red Sequence
SDSS_J0524,17.81,1.354,0.0379,76.4,9.9,Blue Cloud
SDSS_J0475,18.02,1.464,0.0438,89.2,9.71,Blue Cloud
SDSS_J0191,15.53,2.629,0.0676,159.8,10.93,Red Sequence
SDSS_J0799,15.57,1.529,0.0327,116.2,9.5,Blue Cloud
SDSS_J0854,15.82,1.998,0.0816,177.6,10.11,Green Valley
SDSS_J0240,15.83,2.563,0.0712,175.3,10.75,Red Sequence
SDSS_J0768,16.01,1.397,0.0521,107.8,9.91,Blue Cloud
SDSS_J0633,16.4,1.682,0.0395,140.6,9.32,Blue Cloud
SDSS_J0257,14.54,2.471,0.0911,186.9,11.14,Red Sequence
SDSS_J0577,19.39,1.595,0.0671,120.5,8.52,Blue Cloud
SDSS_J0906,12.8,-0.3,0.4,580.0,12.2,Outlier
SDSS_J0399,15.05,2.815,0.0771,197.3,11.03,Red Sequence
SDSS_J0628,16.95,1.421,0.0872,103.4,10.17,Blue Cloud
SDSS_J0556,17.44,1.398,0.0483,92.2,10.48,Blue Cloud
SDSS_J0812,15.48,1.592,0.0413,115.6,10.25,Blue Cloud
SDSS_J0474,16.9,1.649,0.0429,93.1,9.61,Blue Cloud
SDSS_J0607,17.08,1.344,0.0553,91.2,10.03,Blue Cloud
SDSS_J0464,16.34,1.307,0.0753,178.9,10.18,Blue Cloud
SDSS_J0466,17.49,1.44,0.0657,77.3,9.85,Blue Cloud
SDSS_J0305,14.92,2.638,0.0482,99.3,11.13,Red Sequence
SDSS_J0118,15.8,2.577,0.0448,219.5,10.54,Red Sequence
SDSS_J0472,17.56,1.193,0.0774,146.8,10.76,Blue Cloud
SDSS_J0814,16.89,1.443,0.0364,144.9,10.53,Blue Cloud
SDSS_J0310,15.76,2.502,0.0385,215.8,10.96,Red Sequence
SDSS_J0136,15.25,2.601,0.0422,212.3,10.81,Red Sequence
SDSS_J0315,16.5,2.465,0.0748,247.8,11.51,Red Sequence
SDSS_J0313,15.31,2.514,0.0838,216.1,10.69,Red Sequence
SDSS_J0707,17.95,1.637,0.0455,84.4,10.45,Blue Cloud
SDSS_J0852,16.55,2.106,0.0907,174.4,10.25,Green Valley
SDSS_J0849,16.44,1.705,0.0697,79.2,10.22,Blue Cloud
SDSS_J0067,15.86,2.57,0.0872,181.1,10.86,Red Sequence
SDSS_J0580,17.05,1.264,0.0887,118.8,9.72,Blue Cloud
SDSS_J0913,19.7,4.7,0.49,630.0,12.4,Outlier
SDSS_J0398,16.39,2.664,0.0502,232.8,10.35,Red Sequence
SDSS_J0077,15.38,2.715,0.0594,259.0,10.63,Red Sequence
SDSS_J0826,17.97,1.158,0.0702,87.7,9.04,Blue Cloud
SDSS_J0378,15.81,2.689,0.0823,181.4,10.61,Red Sequence
SDSS_J0477,18.26,1.648,0.0431,97.3,10.24,Blue Cloud
SDSS_J0688,17.17,1.624,0.0974,106.6,10.24,Blue Cloud
SDSS_J0457,15.69,1.379,0.0682,96.9,9.5,Blue Cloud
SDSS_J0420,14.39,2.649,0.0341,276.3,10.92,Red Sequence
SDSS_J0478,16.66,1.852,0.0669,88.4,9.54,Blue Cloud
SDSS_J0381,15.41,2.607,0.0695,250.8,10.94,Red Sequence
SDSS_J0682,16.55,1.358,0.0363,70.0,9.86,Blue Cloud
SDSS_J0534,16.26,1.773,0.0818,138.7,10.27,Blue Cloud
SDSS_J0210,15.83,2.401,0.0665,122.9,11.0,Red Sequence
SDSS_J0804,17.19,1.5,0.0634,115.4,10.59,Blue Cloud
SDSS_J0519,17.04,1.377,0.037,110.5,9.43,Blue Cloud
SDSS_J0500,16.9,1.147,0.0643,92.5,9.77,Blue Cloud
SDSS_J0163,15.64,2.851,0.0331,208.2,10.33,Red Sequence
SDSS_J0529,15.87,1.477,0.0791,136.9,10.11,Blue Cloud
SDSS_J0015,14.09,2.869,0.0621,207.5,11.02,Red Sequence
SDSS_J0909,20.1,-0.25,0.42,600.0,12.0,Outlier
SDSS_J0074,14.26,2.654,0.0819,194.1,10.55,Red Sequence
SDSS_J0450,15.89,1.587,0.0354,109.8,10.16,Blue Cloud
SDSS_J0429,16.17,2.48,0.0901,210.9,10.67,Red Sequence
SDSS_J0510,17.46,1.365,0.0758,109.9,10.24,Blue Cloud
SDSS_J0837,16.04,1.313,0.099,150.2,9.47,Blue Cloud
SDSS_J0060,16.33,2.531,0.0884,192.8,10.72,Red Sequence
SDSS_J0646,16.06,1.253,0.0509,117.1,9.98,Blue Cloud
SDSS_J0485,16.72,1.474,0.0396,135.7,9.07,Blue Cloud
SDSS_J0900,12.1,4.2,0.001,25.0,8.2,Outlier
SDSS_J0285,14.38,2.727,0.0987,209.9,10.85,Red Sequence
SDSS_J0034,16.46,2.55,0.0631,223.7,10.27,Red Sequence
SDSS_J0162,14.82,2.706,0.0432,195.2,10.43,Red Sequence
SDSS_J0788,16.94,1.571,0.0554,107.4,9.73,Blue Cloud
SDSS_J0148,14.74,2.473,0.0531,200.0,10.57,Red Sequence
SDSS_J0639,16.39,1.54,0.0701,158.1,9.75,Blue Cloud
SDSS_J0845,17.0,1.54,0.0703,111.5,10.06,Blue Cloud
SDSS_J0316,13.9,2.822,0.0339,224.3,10.92,Red Sequence
SDSS_J0518,16.58,1.18,0.0406,77.6,10.18,Blue Cloud
SDSS_J0207,15.65,2.558,0.0527,215.3,10.89,Red Sequence
SDSS_J0733,15.63,1.407,0.0843,130.3,9.83,Blue Cloud
SDSS_J0211,16.35,2.667,0.0581,194.1,10.48,Red Sequence
SDSS_J0134,14.01,2.793,0.0993,193.4,11.19,Red Sequence
SDSS_J0459,16.22,1.121,0.0857,85.3,10.12,Blue Cloud
SDSS_J0337,17.1,2.807,0.0576,218.9,10.54,Red Sequence
SDSS_J0319,15.98,2.703,0.0673,188.7,10.8,Red Sequence
SDSS_J0436,15.92,2.666,0.0468,227.6,10.54,Red Sequence
SDSS_J0798,17.48,1.247,0.0594,116.6,10.03,Blue Cloud
SDSS_J0773,17.12,1.477,0.0313,103.7,9.9,Blue Cloud
SDSS_J0427,14.05,2.672,0.0487,183.0,10.97,Red Sequence
SDSS_J0896,15.45,2.11,0.0506,148.6,10.12,Green Valley
SDSS_J0693,18.18,1.738,0.0379,103.5,9.96,Blue Cloud
SDSS_J0089,14.53,2.564,0.0653,231.4,10.47,Red Sequence
SDSS_J0140,14.45,2.482,0.0879,229.0,10.88,Red Sequence
SDSS_J0599,15.92,1.485,0.0682,133.0,10.14,Blue Cloud
SDSS_J0349,16.41,2.473,0.0344,225.4,10.96,Red Sequence
SDSS_J0155,17.58,2.774,0.0939,193.0,10.84,Red Sequence
SDSS_J0230,16.11,2.765,0.0772,202.9,11.24,Red Sequence
SDSS_J0286,15.68,2.536,0.0813,168.4,10.43,Red Sequence
SDSS_J0030,16.66,2.598,0.0607,192.3,10.78,Red Sequence
SDSS_J0899,16.14,2.195,0.0301,136.1,10.08,Green Valley
SDSS_J0263,15.71,2.678,0.0891,258.4,11.11,Red Sequence
SDSS_J0063,16.11,2.544,0.0734,255.5,11.37,Red Sequence
SDSS_J0745,16.39,1.893,0.0875,78.2,10.35,Blue Cloud
SDSS_J0711,17.08,1.13,0.0375,60.9,10.31,Blue Cloud
SDSS_J0241,15.23,2.762,0.0533,230.6,11.11,Red Sequence
SDSS_J0753,16.65,1.47,0.0771,75.0,9.79,Blue Cloud
SDSS_J0363,16.19,2.599,0.0752,222.7,10.73,Red Sequence
SDSS_J0805,16.42,1.862,0.0586,124.7,10.41,Blue Cloud
SDSS_J0355,15.68,2.551,0.0385,194.8,10.54,Red Sequence
SDSS_J0708,17.53,1.391,0.0665,107.7,9.8,Blue Cloud
SDSS_J0160,15.36,2.755,0.0711,250.6,10.8,Red Sequence
SDSS_J0679,17.02,1.592,0.0666,121.7,10.42,Blue Cloud
SDSS_J0864,15.99,2.237,0.0392,158.8,10.24,Green Valley
SDSS_J0341,16.81,2.586,0.0509,176.1,11.28,Red Sequence
SDSS_J0605,16.96,1.57,0.0788,102.9,9.34,Blue Cloud
SDSS_J0542,18.02,1.788,0.09,57.7,9.65,Blue Cloud
SDSS_J0253,15.29,2.52,0.0421,210.5,11.12,Red Sequence
SDSS_J0040,17.29,2.525,0.0894,230.3,11.1,Red Sequence
SDSS_J0747,17.32,1.396,0.0969,107.1,9.89,Blue Cloud
SDSS_J0468,15.97,1.474,0.0317,130.5,10.12,Blue Cloud
SDSS_J0512,16.93,1.737,0.0793,138.5,9.9,Blue Cloud
SDSS_J0203,15.52,2.711,0.0695,264.1,11.01,Red Sequence
SDSS_J0190,15.14,2.333,0.0977,221.2,10.53,Red Sequence
SDSS_J0090,16.55,2.489,0.0632,208.5,11.03,Red Sequence
SDSS_J0821,16.26,1.626,0.071,69.4,9.84,Blue Cloud
SDSS_J0496,16.58,1.701,0.0527,104.1,9.62,Blue Cloud
SDSS_J0323,14.9,2.566,0.0739,188.4,11.53,Red Sequence
SDSS_J0871,17.78,2.112,0.0963,151.0,10.31,Green Valley
SDSS_J0520,15.07,1.844,0.052,122.9,10.12,Blue Cloud
SDSS_J0389,13.29,2.919,0.0568,262.1,10.32,Red Sequence
SDSS_J0822,17.16,1.476,0.0499,136.7,9.22,Blue Cloud
SDSS_J0395,14.31,2.797,0.0919,233.7,10.82,Red Sequence
SDSS_J0299,15.8,2.623,0.0746,168.9,11.21,Red Sequence
SDSS_J0912,13.4,4.0,0.004,40.0,8.6,Outlier
SDSS_J0110,15.09,2.509,0.0371,219.6,10.22,Red Sequence
SDSS_J0765,17.17,1.476,0.0808,87.7,9.93,Blue Cloud
SDSS_J0581,15.44,1.292,0.0788,115.1,9.86,Blue Cloud
SDSS_J0866,15.66,2.08,0.0611,200.6,10.21,Green Valley
SDSS_J0881,16.98,2.099,0.0854,127.1,10.81,Green Valley
SDSS_J0008,15.43,2.618,0.046,206.5,10.92,Red Sequence
SDSS_J0476,16.63,1.325,0.0827,113.2,9.78,Blue Cloud
SDSS_J0054,15.78,2.546,0.0764,227.4,10.74,Red Sequence
SDSS_J0277,15.15,2.884,0.0787,245.2,11.16,Red Sequence
SDSS_J0205,15.55,2.643,0.0901,221.3,10.92,Red Sequence
SDSS_J0290,16.01,2.651,0.0329,248.5,10.65,Red Sequence
SDSS_J0061,15.98,2.705,0.0929,229.9,10.23,Red Sequence
SDSS_J0174,14.2,2.616,0.0419,272.3,11.09,Red Sequence
SDSS_J0261,14.36,2.667,0.0596,188.5,11.02,Red Sequence
SDSS_J0880,16.68,2.195,0.0539,134.7,10.8,Green Valley
SDSS_J0539,16.12,1.652,0.0697,97.1,10.1,Blue Cloud
SDSS_J0385,14.09,2.757,0.0806,158.8,11.14,Red Sequence
SDSS_J0018,16.37,2.722,0.0854,198.8,10.85,Red Sequence
SDSS_J0144,17.22,2.748,0.0885,133.5,10.46,Red Sequence
SDSS_J0861,16.36,2.14,0.0345,182.4,10.04,Green Valley
SDSS_J0662,16.42,1.37,0.0744,130.0,9.91,Blue Cloud
SDSS_J0264,16.35,2.402,0.0326,179.1,11.24,Red Sequence
SDSS_J0883,16.68,2.279,0.0872,162.2,10.17,Green Valley
SDSS_J0559,15.9,1.52,0.0675,126.6,9.85,Blue Cloud
SDSS_J0208,15.45,2.506,0.0822,149.9,10.88,Red Sequence
SDSS_J0216,14.95,2.698,0.0537,175.2,10.89,Red Sequence
SDSS_J0550,16.89,1.631,0.0888,154.0,9.3,Blue Cloud
SDSS_J0214,14.64,2.659,0.0724,254.2,11.07,Red Sequence
SDSS_J0339,15.92,2.651,0.0533,171.8,10.85,Red Sequence
SDSS_J0023,15.96,2.558,0.0747,194.4,10.69,Red Sequence
SDSS_J0482,15.87,1.464,0.0397,98.1,10.05,Blue Cloud
SDSS_J0460,16.35,1.353,0.0761,100.4,9.3,Blue Cloud
SDSS_J0625,16.05,1.577,0.064,104.6,9.84,Blue Cloud
SDSS_J0885,16.96,2.123,0.084,70.6,10.19,Green Valley
SDSS_J0351,16.12,2.568,0.0548,217.7,10.33,Red Sequence
SDSS_J0014,15.96,2.91,0.0913,189.8,11.2,Red Sequence
SDSS_J0294,16.42,2.59,0.0648,247.7,10.63,Red Sequence
SDSS_J0669,16.63,1.188,0.0536,172.6,9.16,Blue Cloud
SDSS_J0642,16.71,1.437,0.0477,117.2,9.62,Blue Cloud
SDSS_J0692,16.66,1.492,0.0779,145.6,9.1,Blue Cloud
SDSS_J0907,19.9,4.6,0.51,640.0,12.3,Outlier
SDSS_J0659,17.39,1.287,0.0509,156.3,10.13,Blue Cloud
SDSS_J0734,17.4,1.704,0.0431,123.8,10.27,Blue Cloud
SDSS_J0382,14.46,2.686,0.0405,190.0,11.12,Red Sequence
SDSS_J0204,15.65,2.725,0.0909,200.6,10.95,Red Sequence
SDSS_J0239,15.85,2.478,0.0882,223.2,10.74,Red Sequence
SDSS_J0045,14.68,2.611,0.0897,258.9,11.44,Red Sequence
SDSS_J0451,15.95,1.286,0.0437,126.7,10.09,Blue Cloud
SDSS_J0149,16.88,2.521,0.0685,180.8,10.87,Red Sequence
SDSS_J0452,17.57,1.37,0.0734,117.5,9.6,Blue Cloud
SDSS_J0358,14.97,2.682,0.0677,259.3,10.61,Red Sequence
SDSS_J0173,15.69,2.547,0.0562,236.3,11.09,Red Sequence
SDSS_J0691,15.44,1.296,0.0775,120.2,10.21,Blue Cloud
SDSS_J0024,15.58,2.498,0.0845,208.8,10.8,Red Sequence
SDSS_J0608,16.16,1.239,0.044,125.1,9.93,Blue Cloud
SDSS_J0352,14.74,2.536,0.0727,219.3,11.01,Red Sequence
SDSS_J0905,19.5,4.5,0.48,620.0,12.1,Outlier
SDSS_J0195,15.13,2.701,0.0962,196.3,11.13,Red Sequence
SDSS_J0703,15.82,1.613,0.03,138.6,10.16,Blue Cloud
SDSS_J0374,15.55,2.35,0.0511,209.1,10.76,Red Sequence
SDSS_J0433,16.19,2.534,0.0333,281.2,11.11,Red Sequence
SDSS_J0423,14.62,2.565,0.0732,169.7,10.84,Red Sequence
SDSS_J0115,15.86,2.496,0.0638,157.9,10.99,Red Sequence
SDSS_J0091,14.62,2.53,0.0665,190.4,10.63,Red Sequence
SDSS_J0676,16.37,1.197,0.0511,90.6,9.46,Blue Cloud
SDSS_J0775,13.64,1.348,0.063,113.8,9.57,Blue Cloud
SDSS_J0777,15.9,1.464,0.0652,84.7,9.32,Blue Cloud
SDSS_J0834,17.23,1.339,0.0442,110.1,10.39,Blue Cloud
SDSS_J0073,14.96,2.629,0.0796,289.8,10.81,Red Sequence
SDSS_J0248,16.39,2.664,0.0517,198.6,10.83,Red Sequence
SDSS_J0252,15.67,2.678,0.0372,235.9,10.64,Red Sequence
SDSS_J0801,18.04,1.205,0.0754,86.2,9.85,Blue Cloud
SDSS_J0630,17.76,1.386,0.0878,106.8,10.26,Blue Cloud
SDSS_J0574,17.32,1.097,0.0993,114.7,9.58,Blue Cloud
SDSS_J0200,16.49,2.717,0.0681,242.7,10.76,Red Sequence
SDSS_J0664,17.86,1.563,0.0743,56.8,10.42,Blue Cloud
SDSS_J0404,13.96,2.75,0.0511,193.3,10.28,Red Sequence
SDSS_J0716,15.3,1.25,0.0653,57.8,10.55,Blue Cloud
SDSS_J0202,14.9,2.527,0.0718,271.0,10.87,Red Sequence
SDSS_J0572,16.54,1.656,0.0685,128.8,10.01,Blue Cloud
SDSS_J0492,15.79,2.21,0.0615,83.3,10.42,Blue Cloud
SDSS_J0754,15.69,1.256,0.071,107.1,9.77,Blue Cloud
SDSS_J0133,14.39,2.563,0.0458,172.1,10.75,Red Sequence
SDSS_J0702,16.37,1.496,0.0648,103.4,9.77,Blue Cloud
SDSS_J0513,17.23,1.543,0.0776,148.5,9.93,Blue Cloud
SDSS_J0661,16.04,1.519,0.0801,115.2,9.5,Blue Cloud
SDSS_J0087,16.08,2.655,0.0894,149.4,10.95,Red Sequence
SDSS_J0268,14.83,2.655,0.0866,144.8,10.91,Red Sequence
SDSS_J0408,14.2,2.555,0.0432,214.1,10.32,Red Sequence
SDSS_J0561,17.44,1.157,0.0328,121.5,9.63,Blue Cloud
SDSS_J0858,15.86,2.037,0.0611,173.6,10.08,Green Valley
SDSS_J0740,16.42,1.441,0.0455,115.1,10.21,Blue Cloud
SDSS_J0487,16.43,1.467,0.0322,111.4,9.61,Blue Cloud
SDSS_J0084,14.53,2.775,0.0436,196.5,10.47,Red Sequence
SDSS_J0344,15.43,2.627,0.0632,269.9,10.69,Red Sequence
SDSS_J0135,14.49,2.565,0.0963,216.3,11.0,Red Sequence
SDSS_J0151,14.95,2.546,0.0589,222.7,11.06,Red Sequence
SDSS_J0403,15.15,2.777,0.0404,168.1,11.15,Red Sequence
SDSS_J0296,14.82,2.647,0.0356,194.1,10.58,Red Sequence
SDSS_J0442,16.45,2.697,0.0859,206.7,10.68,Red Sequence
SDSS_J0750,15.51,1.111,0.0823,125.8,10.22,Blue Cloud
SDSS_J0092,16.08,2.673,0.049,191.5,11.14,Red Sequence
SDSS_J0791,16.32,1.412,0.0741,141.6,10.01,Blue Cloud
SDSS_J0589,18.0,1.821,0.0854,145.1,9.78,Blue Cloud
SDSS_J0712,17.43,1.204,0.0841,75.1,10.06,Blue Cloud
SDSS_J0456,16.84,1.643,0.0872,100.4,10.01,Blue Cloud
SDSS_J0402,13.36,2.744,0.0959,180.9,10.34,Red Sequence
SDSS_J0051,15.81,2.636,0.0449,202.2,11.49,Red Sequence
SDSS_J0156,15.96,2.509,0.0802,182.1,10.79,Red Sequence
SDSS_J0867,16.62,2.221,0.0742,129.6,10.01,Green Valley
SDSS_J0514,17.9,0.873,0.0596,116.5,10.0,Blue Cloud
SDSS_J0334,14.0,2.814,0.0809,212.9,10.51,Red Sequence
SDSS_J0153,16.27,2.563,0.0789,278.0,11.36,Red Sequence
SDSS_J0578,17.21,1.423,0.076,105.2,10.54,Blue Cloud
SDSS_J0552,16.15,1.442,0.0644,189.2,10.34,Blue Cloud
SDSS_J0326,15.01,2.846,0.0814,271.1,10.17,Red Sequence
SDSS_J0042,15.37,2.864,0.0619,132.2,11.15,Red Sequence
SDSS_J0897,16.45,2.185,0.0813,146.0,10.86,Green Valley
SDSS_J0312,14.46,2.639,0.036,159.6,11.9,Red Sequence
SDSS_J0055,15.78,2.677,0.0687,203.3,11.2,Red Sequence
SDSS_J0391,15.21,2.723,0.0676,154.5,10.71,Red Sequence
SDSS_J0647,18.08,1.391,0.0903,107.2,10.45,Blue Cloud
SDSS_J0649,17.35,1.095,0.072,89.9,9.45,Blue Cloud
SDSS_J0011,15.12,2.619,0.081,227.7,11.05,Red Sequence
SDSS_J0616,17.97,1.233,0.0651,146.4,9.53,Blue Cloud
SDSS_J0668,16.34,1.4,0.0877,103.8,10.18,Blue Cloud
SDSS_J0232,14.91,2.715,0.0775,158.3,10.84,Red Sequence
SDSS_J0123,14.32,2.787,0.0532,201.9,10.57,Red Sequence
SDSS_J0426,15.82,2.607,0.0367,223.6,10.96,Red Sequence
SDSS_J0444,15.56,2.655,0.0516,192.3,10.98,Red Sequence
SDSS_J0356,16.97,2.564,0.0968,219.8,10.57,Red Sequence
SDSS_J0342,14.27,2.661,0.051,223.5,10.54,Red Sequence
SDSS_J0057,16.78,2.469,0.0365,185.0,10.91,Red Sequence
SDSS_J0080,14.98,2.7,0.0631,260.8,10.49,Red Sequence
SDSS_J0390,14.64,2.812,0.0763,160.6,10.69,Red Sequence
SDSS_J0714,18.38,1.252,0.0638,53.7,9.86,Blue Cloud
SDSS_J0737,16.67,1.512,0.0953,82.5,9.56,Blue Cloud
SDSS_J0726,16.64,1.603,0.0888,102.4,9.63,Blue Cloud
SDSS_J0868,15.21,2.079,0.0517,133.6,10.61,Green Valley
SDSS_J0609,16.7,1.533,0.0891,101.0,10.23,Blue Cloud
SDSS_J0097,16.3,2.582,0.0823,164.4,10.68,Red Sequence
SDSS_J0803,15.92,1.657,0.0819,112.8,9.36,Blue Cloud
SDSS_J0746,16.55,1.478,0.0929,120.6,10.29,Blue Cloud
SDSS_J0499,18.06,1.699,0.0475,98.7,9.26,Blue Cloud
SDSS_J0177,15.29,2.595,0.0609,183.7,11.13,Red Sequence
SDSS_J0494,16.09,1.374,0.0798,99.9,9.74,Blue Cloud
SDSS_J0781,16.62,1.499,0.0445,129.8,9.72,Blue Cloud
SDSS_J0828,15.64,1.55,0.0319,117.0,9.99,Blue Cloud
SDSS_J0222,15.01,2.631,0.076,212.7,10.94,Red Sequence
SDSS_J0582,16.13,1.008,0.0695,95.1,9.81,Blue Cloud
SDSS_J0409,14.65,2.634,0.0909,166.3,11.45,Red Sequence
SDSS_J0741,16.39,1.57,0.0827,27.2,9.68,Blue Cloud
SDSS_J0094,14.66,2.766,0.0591,219.8,11.1,Red Sequence
SDSS_J0831,17.92,1.582,0.0875,161.4,10.27,Blue Cloud
SDSS_J0859,14.65,1.965,0.059,157.6,10.36,Green Valley
SDSS_J0238,15.29,2.538,0.0381,240.8,10.83,Red Sequence
SDSS_J0255,14.89,2.734,0.0719,222.3,10.38,Red Sequence
SDSS_J0596,18.0,1.58,0.0747,130.6,9.65,Blue Cloud
SDSS_J0857,16.46,2.161,0.0522,148.9,10.53,Green Valley
SDSS_J0271,15.89,2.704,0.0749,241.3,10.53,Red Sequence
SDSS_J0141,15.03,2.855,0.0698,205.7,10.95,Red Sequence
SDSS_J0159,15.71,2.521,0.0954,145.2,10.77,Red Sequence
SDSS_J0364,14.62,2.618,0.0806,281.3,10.54,Red Sequence
SDSS_J0471,16.54,1.292,0.051,114.6,9.74,Blue Cloud
SDSS_J0038,14.93,2.719,0.0475,243.6,10.65,Red Sequence
SDSS_J0096,15.44,2.661,0.0546,211.5,10.21,Red Sequence
SDSS_J0158,16.34,2.549,0.0916,228.5,10.62,Red Sequence
SDSS_J0585,17.33,1.368,0.0391,98.4,9.13,Blue Cloud
SDSS_J0869,16.45,1.998,0.0556,153.4,10.55,Green Valley
SDSS_J0569,16.27,1.495,0.0702,120.9,9.58,Blue Cloud
SDSS_J0523,15.31,1.475,0.0507,160.3,10.15,Blue Cloud
SDSS_J0566,15.92,1.679,0.0751,93.2,9.77,Blue Cloud
SDSS_J0282,15.52,2.716,0.06,190.5,10.65,Red Sequence
SDSS_J0706,15.64,1.382,0.0631,88.2,9.44,Blue Cloud
SDSS_J0022,15.94,2.566,0.065,243.5,11.4,Red Sequence
SDSS_J0783,16.49,1.227,0.0881,119.9,9.66,Blue Cloud
SDSS_J0770,17.77,1.664,0.0915,87.1,9.98,Blue Cloud
SDSS_J0227,14.76,2.63,0.0399,204.1,10.74,Red Sequence
SDSS_J0307,13.87,2.791,0.0612,255.1,11.04,Red Sequence
SDSS_J0006,15.95,2.45,0.0675,243.7,10.75,Red Sequence
SDSS_J0309,16.71,2.454,0.0798,254.8,10.61,Red Sequence
SDSS_J0138,15.24,2.534,0.0781,264.7,10.56,Red Sequence
SDSS_J0530,16.26,1.359,0.0517,93.2,9.88,Blue Cloud
SDSS_J0016,14.92,2.638,0.0709,238.3,10.62,Red Sequence
SDSS_J0610,15.48,1.51,0.0364,94.6,9.84,Blue Cloud
SDSS_J0291,16.5,2.6,0.0477,210.5,10.6,Red Sequence
SDSS_J0035,15.63,2.695,0.0602,175.2,10.96,Red Sequence
SDSS_J0776,17.06,1.781,0.0813,102.9,10.28,Blue Cloud
SDSS_J0000,15.38,2.634,0.0493,219.6,11.28,Red Sequence
SDSS_J0406,15.52,2.73,0.0753,269.9,10.53,Red Sequence
SDSS_J0458,17.76,1.356,0.0796,90.8,10.01,Blue Cloud
SDSS_J0463,17.68,1.272,0.0747,146.8,10.2,Blue Cloud
SDSS_J0368,14.98,3.023,0.068,127.4,10.83,Red Sequence
SDSS_J0260,15.96,2.467,0.088,206.2,10.34,Red Sequence
SDSS_J0762,16.14,1.279,0.0413,118.7,10.55,Blue Cloud
SDSS_J0782,15.83,1.521,0.0333,132.0,9.86,Blue Cloud
SDSS_J0384,15.82,2.514,0.0659,198.4,10.83,Red Sequence
SDSS_J0219,15.4,2.435,0.0689,171.5,10.6,Red Sequence
SDSS_J0558,17.26,1.769,0.0709,118.4,10.07,Blue Cloud
SDSS_J0576,17.14,1.598,0.0453,144.4,9.53,Blue Cloud
SDSS_J0246,14.46,2.624,0.0737,242.3,10.48,Red Sequence
SDSS_J0623,17.52,1.642,0.0831,162.9,9.61,Blue Cloud
SDSS_J0331,14.81,2.678,0.0316,249.1,10.68,Red Sequence
SDSS_J0743,17.82,1.264,0.0735,146.6,9.76,Blue Cloud
SDSS_J0440,15.53,2.62,0.0491,250.6,10.78,Red Sequence
SDSS_J0648,17.39,1.327,0.0405,115.2,9.15,Blue Cloud
SDSS_J0422,15.65,2.831,0.0306,176.2,10.79,Red Sequence
SDSS_J0380,15.52,2.85,0.0911,243.2,10.96,Red Sequence
SDSS_J0332,16.04,2.611,0.0547,248.9,10.91,Red Sequence
SDSS_J0793,16.64,1.44,0.0804,99.3,9.66,Blue Cloud
SDSS_J0322,14.84,2.554,0.0756,213.9,10.49,Red Sequence
SDSS_J0360,14.38,2.662,0.0337,162.4,11.05,Red Sequence
SDSS_J0453,15.96,1.792,0.0902,123.3,9.87,Blue Cloud
SDSS_J0614,15.17,1.372,0.0873,83.0,10.11,Blue Cloud
SDSS_J0546,16.08,1.507,0.0891,95.2,10.29,Blue Cloud
SDSS_J0161,16.09,2.746,0.0542,168.5,10.68,Red Sequence
SDSS_J0865,15.48,1.93,0.0528,74.4,10.42,Green Valley
SDSS_J0345,15.67,2.488,0.0805,191.5,10.71,Red Sequence
SDSS_J0516,17.81,1.681,0.0827,162.7,10.72,Blue Cloud
SDSS_J0411,14.91,2.685,0.0723,231.9,11.44,Red Sequence
SDSS_J0563,16.62,2.066,0.0322,87.4,10.12,Blue Cloud
SDSS_J0184,14.68,2.49,0.074,251.5,10.55,Red Sequence
SDSS_J0170,15.65,2.621,0.0348,156.4,10.3,Red Sequence
SDSS_J0106,16.34,2.744,0.0695,220.9,11.26,Red Sequence
SDSS_J0437,16.07,2.562,0.0829,276.7,11.49,Red Sequence
SDSS_J0681,16.77,1.464,0.077,149.6,9.53,Blue Cloud
SDSS_J0719,16.38,1.759,0.0902,96.1,9.1,Blue Cloud
SDSS_J0469,17.23,1.413,0.0958,123.6,10.14,Blue Cloud
SDSS_J0690,16.7,1.387,0.096,124.0,10.21,Blue Cloud
SDSS_J0366,14.75,2.765,0.0956,287.6,10.64,Red Sequence
SDSS_J0590,17.89,1.885,0.0785,149.6,9.63,Blue Cloud
SDSS_J0653,16.3,1.255,0.0892,137.6,9.3,Blue Cloud
SDSS_J0894,17.43,2.08,0.083,166.0,10.0,Green Valley
SDSS_J0108,16.37,2.334,0.0376,239.9,10.84,Red Sequence
SDSS_J0764,19.44,1.106,0.0623,90.3,9.81,Blue Cloud
SDSS_J0840,15.9,1.474,0.078,141.2,10.75,Blue Cloud
SDSS_J0811,16.39,1.149,0.0898,87.6,9.41,Blue Cloud
SDSS_J0767,16.39,1.662,0.0731,98.6,10.34,Blue Cloud
SDSS_J0842,16.1,1.385,0.0729,108.1,10.34,Blue Cloud
SDSS_J0183,14.82,2.814,0.0735,185.5,10.37,Red Sequence
SDSS_J0640,15.99,1.234,0.0488,105.8,9.94,Blue Cloud
SDSS_J0583,18.65,1.363,0.0645,99.5,10.28,Blue Cloud
SDSS_J0254,14.6,2.74,0.0411,190.1,10.98,Red Sequence
SDSS_J0672,16.68,1.188,0.0418,85.8,10.28,Blue Cloud
SDSS_J0863,16.77,2.221,0.092,146.8,10.51,Green Valley
SDSS_J0197,15.42,2.364,0.0593,209.0,10.63,Red Sequence
SDSS_J0898,16.96,2.035,0.0348,169.1,10.51,Green Valley
SDSS_J0394,15.2,2.941,0.0808,258.4,11.16,Red Sequence
SDSS_J0544,16.75,1.531,0.0561,56.1,9.89,Blue Cloud
SDSS_J0236,16.22,2.433,0.035,216.6,10.73,Red Sequence
SDSS_J0742,17.93,0.912,0.0306,96.8,9.57,Blue Cloud
SDSS_J0103,15.8,2.558,0.0357,253.3,10.85,Red Sequence
SDSS_J0099,15.15,2.554,0.0416,192.1,10.83,Red Sequence
SDSS_J0531,17.2,1.206,0.0574,78.5,9.4,Blue Cloud
SDSS_J0221,16.36,2.474,0.0978,183.7,10.64,Red Sequence
SDSS_J0079,15.31,2.781,0.0706,187.9,10.52,Red Sequence
SDSS_J0311,15.55,2.621,0.0688,167.1,11.2,Red Sequence
SDSS_J0853,15.3,2.034,0.0422,160.3,10.02,Green Valley
SDSS_J0751,16.61,1.53,0.0338,118.8,9.47,Blue Cloud
SDSS_J0041,15.68,2.761,0.0341,136.3,11.4,Red Sequence
SDSS_J0541,18.53,1.507,0.0471,85.8,9.96,Blue Cloud
SDSS_J0272,16.74,2.74,0.0896,197.0,11.3,Red Sequence
SDSS_J0631,16.45,1.358,0.0448,128.4,9.39,Blue Cloud
SDSS_J0059,14.7,2.642,0.0307,274.6,11.08,Red Sequence
SDSS_J0725,17.62,1.661,0.044,110.0,9.69,Blue Cloud
SDSS_J0813,16.2,1.683,0.0788,106.0,9.7,Blue Cloud
SDSS_J0377,16.82,2.777,0.0507,191.5,10.66,Red Sequence
SDSS_J0425,15.65,2.641,0.0869,180.9,10.32,Red Sequence
SDSS_J0761,16.3,1.778,0.0932,95.7,10.2,Blue Cloud
SDSS_J0571,16.45,1.868,0.0324,96.2,9.72,Blue Cloud
SDSS_J0369,16.03,2.52,0.0435,225.8,10.92,Red Sequence
SDSS_J0062,15.94,2.584,0.0475,258.6,11.11,Red Sequence
SDSS_J0654,16.97,1.527,0.039,107.5,10.54,Blue Cloud
SDSS_J0820,16.8,1.455,0.041,153.5,9.89,Blue Cloud
SDSS_J0479,15.88,1.306,0.0544,129.6,9.5,Blue Cloud
SDSS_J0081,15.66,2.688,0.0661,188.8,10.6,Red Sequence
SDSS_J0503,16.77,1.463,0.0842,105.6,9.34,Blue Cloud
SDSS_J0671,17.6,1.326,0.046,108.1,9.72,Blue Cloud
SDSS_J0213,15.32,2.825,0.0684,158.5,11.66,Red Sequence
SDSS_J0013,15.59,2.561,0.0322,199.0,11.02,Red Sequence
SDSS_J0072,15.41,2.55,0.0724,175.6,10.78,Red Sequence
SDSS_J0735,16.12,1.618,0.069,132.7,10.24,Blue Cloud
SDSS_J0620,16.7,1.892,0.094,132.6,10.04,Blue Cloud
SDSS_J0226,15.3,2.559,0.0538,280.6,10.82,Red Sequence
SDSS_J0375,14.8,2.526,0.0343,232.1,10.97,Red Sequence
SDSS_J0050,14.96,2.855,0.0351,88.4,11.08,Red Sequence
SDSS_J0262,15.74,2.716,0.0963,185.0,10.82,Red Sequence
SDSS_J0604,17.31,1.392,0.0923,116.4,10.03,Blue Cloud
SDSS_J0718,16.34,1.495,0.0589,97.2,9.35,Blue Cloud
SDSS_J0638,17.79,1.783,0.0824,102.3,9.63,Blue Cloud
SDSS_J0538,18.11,1.534,0.0704,134.4,10.08,Blue Cloud
SDSS_J0501,15.95,1.588,0.0744,118.1,9.79,Blue Cloud
SDSS_J0673,18.59,1.491,0.0479,102.3,9.88,Blue Cloud
SDSS_J0397,15.45,2.53,0.0464,224.3,11.39,Red Sequence
SDSS_J0856,15.68,2.22,0.07,161.7,10.21,Green Valley
SDSS_J0657,16.75,1.618,0.0896,60.7,10.03,Blue Cloud
SDSS_J0584,17.35,1.512,0.0453,109.1,9.9,Blue Cloud
SDSS_J0876,16.14,1.918,0.0589,166.5,10.15,Green Valley
SDSS_J0101,15.23,2.61,0.0623,242.5,10.89,Red Sequence
SDSS_J0196,16.87,2.739,0.0395,160.0,10.93,Red Sequence
SDSS_J0497,16.61,1.849,0.099,105.2,9.76,Blue Cloud
SDSS_J0109,14.61,2.414,0.0578,207.0,10.68,Red Sequence
SDSS_J0206,15.5,2.724,0.0763,216.0,10.81,Red Sequence
SDSS_J0032,16.52,2.682,0.046,267.5,10.47,Red Sequence
SDSS_J0182,13.77,2.725,0.05,224.5,10.41,Red Sequence
SDSS_J0132,14.87,2.636,0.0996,253.8,11.15,Red Sequence
SDSS_J0855,15.97,2.238,0.0401,182.0,10.77,Green Valley
SDSS_J0044,16.53,2.578,0.068,209.8,10.7,Red Sequence
SDSS_J0068,15.66,2.561,0.0317,220.9,11.05,Red Sequence
SDSS_J0902,19.8,4.8,0.52,680.0,12.4,Outlier
SDSS_J0535,16.64,1.341,0.0967,66.8,9.81,Blue Cloud
SDSS_J0098,15.6,2.729,0.0605,241.2,10.85,Red Sequence
SDSS_J0113,15.67,2.592,0.0973,166.7,10.38,Red Sequence
SDSS_J0329,15.05,2.608,0.0906,226.8,11.03,Red Sequence
SDSS_J0656,15.89,1.738,0.0515,115.3,9.59,Blue Cloud
SDSS_J0419,15.64,2.574,0.0804,132.1,10.85,Red Sequence
SDSS_J0330,14.89,2.626,0.0834,167.9,10.8,Red Sequence
SDSS_J0289,15.61,2.605,0.0843,181.9,10.87,Red Sequence
SDSS_J0627,17.42,1.317,0.0466,108.5,9.11,Blue Cloud
SDSS_J0157,16.64,2.315,0.0471,177.3,10.71,Red Sequence
SDSS_J0564,16.79,1.299,0.0623,114.6,9.72,Blue Cloud
SDSS_J0784,16.27,1.432,0.0758,85.9,10.28,Blue Cloud
SDSS_J0509,17.21,1.73,0.0392,101.4,9.73,Blue Cloud
SDSS_J0699,17.88,1.094,0.0352,91.5,9.91,Blue Cloud
SDSS_J0536,16.7,1.334,0.0389,113.8,9.63,Blue Cloud
SDSS_J0194,15.55,2.691,0.0877,235.0,10.66,Red Sequence
SDSS_J0396,15.67,2.662,0.0718,206.8,10.71,Red Sequence
SDSS_J0838,14.21,1.561,0.0941,106.7,10.14,Blue Cloud
SDSS_J0551,18.12,1.413,0.0894,108.3,9.74,Blue Cloud
SDSS_J0674,18.12,1.401,0.0757,148.0,9.97,Blue Cloud
SDSS_J0064,16.94,2.346,0.0868,215.8,10.75,Red Sequence
SDSS_J0738,15.63,1.501,0.0551,114.6,9.6,Blue Cloud
SDSS_J0328,15.43,2.743,0.0368,201.4,11.09,Red Sequence
SDSS_J0244,14.42,2.572,0.0759,236.6,11.26,Red Sequence
SDSS_J0635,14.86,1.629,0.0793,103.0,10.54,Blue Cloud
SDSS_J0794,17.64,1.537,0.0995,120.3,9.74,Blue Cloud
SDSS_J0372,15.95,2.504,0.0361,199.1,10.63,Red Sequence
SDSS_J0877,15.95,2.238,0.0732,149.2,10.71,Green Valley
SDSS_J0634,17.38,1.456,0.0883,119.8,9.67,Blue Cloud
SDSS_J0019,13.54,2.999,0.067,278.4,10.69,Red Sequence
SDSS_J0904,13.2,3.9,0.005,45.0,8.5,Outlier
SDSS_J0189,17.04,2.792,0.0399,277.9,10.68,Red Sequence
